school_server_code,Atomic Structure,Ecosystem,English Beginner,English Elementary,Geometric Reasoning Part I,Geometric Reasoning Part II,Health and Disease,Linear Equations,Proportional Reasoning,Sound,Understanding Motion
mz30,30.612244897959197,9.615384615384619,6.113445378151259,0.595238095238095,18.721198156682,17.6470588235294,5.55028462998102,28.571428571428598,21.7391304347826,1.7857142857142903,42.0289855072464
